IP Address,Domain,URL,SHA256 Hash
113.229.7.30,forwardspecview.ydns.eu,http://113.229.7.30:46476/i,e7274ea8ff50007cdaa3585479d0329920520c16b8424eef5fb8b67ff5c1c8b5
221.15.20.223,toolsswift.com,http://221.15.20.223:34371/i,20bf06ec30c5842d3775e43b0dc8bbc792348aaa7a027495cba25c19edbd3b88
61.52.110.170,pngup.com,http://61.52.110.170:56053/i,d31d3cffc35347c38b0c958b7311d3d6e65c24c0a3ccb91cbcd1df36817850d9
31.208.90.86,pastery.net,http://31.208.90.86:11992/.i,fc8bb4ee9cd8022e8a85b5963e82dbdab75cf4f0c708f636b7c4d5e97f847a6d
2.59.161.34,acepl.net.au,http://2.59.161.34:6969/bins/x86,fb857adc14ae98636b2c6d9e398cf70e2195c8e7e6733ff212b63f6ff51ec06d
36.97.200.127,irenae.cfd,http://36.97.200.127:59234/i,cce99ae90652aeaaafa35bc474718f18aaad241df877b9d617fd415dd3fdc232
182.127.190.251,iresz.org,http://forwardspecview.ydns.eu/.../DTHXDFSD.exe,01ac88c44e7be35a9bf6ae6ad6fdac46aa49710f4253df9b0fd9a6d3527a1251
117.209.80.200,ireakk.my,http://182.127.190.251:45279/i,216f9ee0fafbdcf4ef1e99b18752d576f6cdda6aa517149c3f6a7c788677f49c
172.94.96.221,carbuckxiv.s3.eu-west-3.amazonaws.com,http://61.52.110.170:56053/bin.sh,ac384387b72948eab61a99f5470a9c126e63db698f3a7e0779879ec891c55533
176.46.158.8,camelboat.n-e.kr,http://117.209.80.200:34761/bin.sh,ccac25a3228ed2b5f91457f26d439427e019645465162ced74effefd6869b7a8
221.15.77.90,driverupdate.ue3hdn4-cdnsecurefile.com,http://172.94.96.221/x86,724c0a5a6de58c18b71edf70db1d67973fd82c75b0a23226558cdd82f24bcf3f
175.165.117.78,kernaltpoiceplaned.com,http://176.46.158.8/files/7217732083/LOrd013.exe,c3142a633f9095751c1a2a0c926164d21fd88ed8d69660faebfa35fdd3446a65
125.43.89.183,checkerken2.kernaltpoiceplaned.com,http://221.15.77.90:44905/i,e08ebae5b5ee131e8330cba0bb319880c5b5a3cfc091c6ddd84379e4bd716fb4
123.10.240.197,supportcheck.kernaltpoiceplaned.com,http://175.165.117.78:52800/i,d19ac7ad21e724894e5b1491d97cef79f842d8f7aa4002e865a2338ec96b8f3b
115.49.196.167,admin.kernaltpoiceplaned.com,http://125.43.89.183:46905/i,047b636bc9af4a52cb262d44d28a6867ecbd63db5b635f9cb588eb67d404a677
123.11.74.230,cpanel.kernaltpoiceplaned.com,http://123.10.240.197:41769/bin.sh,b42ac944fe347ac2a37546facacc87bd912c90aba4fb21b54c977bb8629147d5
125.47.85.171,login.kernaltpoiceplaned.com,http://115.49.196.167:51308/i,fcb03d30419ace177e28c706202986398b925a36ca4f1f08ec01802c74a5519b
182.121.45.147,61b4fea9a1f98c0a086eb430d5ff2c63.loophole.site,http://123.11.74.230:42145/bin.sh,f35ed6b472ef2a4364d85bbaa06b769c9a04b48882192dd874775b564bd2d630
42.224.2.85,cnnetwork.uk,http://125.47.85.171:52496/bin.sh,6f84bf04932e3b0ac2a8b0a1f1a5f1308878fab5310a98327f9ba4f5e562adfb
200.59.85.7,oatmealyeah.com,http://182.121.45.147:39870/i,3f6254f80de7649016815a950bce98885a146e6e8903898ee4db4ce93eae7a8a
